,0,1,2,3,4,5,6,7,8,9
0,Title,Year,Bond actor,Director,Box office,Budget,Salary of Bond actor,Box office,Budget,Salary of Bond actor
1,Actual $ (millions)[18][19][20],Adjusted 2005 $ (millions)[19],,,,,,,,
2,Dr. No,1962,Sean Connery,Terence Young,59.5,1.1,0.1[b],448.8,7.0,0.6
3,From Russia with Love,1963,Sean Connery,Terence Young,78.9,2.0,0.3,543.8,12.6,1.6
4,Goldfinger,1964,Sean Connery,Guy Hamilton,124.9,3.0,0.5,820.4,18.6,3.2
5,Thunderball,1965,Sean Connery,Terence Young,141.2,6.8,0.8,848.1,41.9,4.7
6,Casino Royale,1967,David Niven,Ken HughesJohn HustonJoseph McGrathRobert ParrishVal GuestRichard Talmadge,44.4[21],12[21],,260[22],70[22],
7,You Only Live Twice,1967,Sean Connery,Lewis Gilbert,101.0,10.3,0.8 + 25% net merchandise royalty,514.2,59.9,4.4 excluding profit participation
8,On Her Majesty's Secret Service,1969,George Lazenby,Peter R. Hunt,64.6,7.0,0.1,291.5,37.3,0.6
9,Diamonds Are Forever,1971,Sean Connery,Guy Hamilton,116.0,7.2,1.2 + 12.5% of gross (14.5) [c],442.5,34.7,5.8 excluding profit participation
10,Live and Let Die,1973,Roger Moore,Guy Hamilton,126.4,7.0,0.18,460.3,30.8,0.7
11,The Man with the Golden Gun,1974,Roger Moore,Guy Hamilton,98.5,7.0,0.24 + 2.5%,334.0,27.7,0.8 excluding profit participation
12,The Spy Who Loved Me,1977,Roger Moore,Lewis Gilbert,185.4,14.0,0.3 + 3.75%,533.0,45.1,0.9 excluding profit participation
13,Moonraker,1979,Roger Moore,Lewis Gilbert,210.3,34.0,,535.0,91.5,
14,For Your Eyes Only,1981,Roger Moore,John Glen,194.9,28.0,,449.4,60.2,
15,Octopussy,1983,Roger Moore,John Glen,183.7,27.5,4.0,373.8,53.9,7.8
16,Never Say Never Again,1983,Sean Connery,Irvin Kershner,160[21],36[21],,314[22],71[22],
17,A View to a Kill,1985,Roger Moore,John Glen,152.4,30.0,5.0,275.2,54.5,9.1
18,The Living Daylights,1987,Timothy Dalton,John Glen,191.2,40.0,3.0,313.5,68.8,5.2
19,Licence to Kill,1989,Timothy Dalton,John Glen,156.2,36.0,5.0,250.9,56.7,7.9
20,GoldenEye,1995,Pierce Brosnan,Martin Campbell,351.9,60.0,4.0,518.5,76.9,5.1
21,Tomorrow Never Dies,1997,Pierce Brosnan,Roger Spottiswoode,338.9,110.0,8.2,463.2,133.9,10.0
22,The World Is Not Enough,1999,Pierce Brosnan,Michael Apted,361.8,135.0,12.4,439.5,158.3,13.5
23,Die Another Day,2002,Pierce Brosnan,Lee Tamahori,431.9,142.0,16.5,465.4,154.2,17.9
24,Casino Royale,2006,Daniel Craig,Martin Campbell,594.2,150.0,3.4,581.5,145.3,3.3
25,Quantum of Solace,2008,Daniel Craig,Marc Forster,576.0,200.0,8.9,514.2,181.4,8.1
26,Skyfall,2012,Daniel Craig,Sam Mendes,1108.6[23],150.0[24][25]–200.0[23],17.0[26],943.5[22],127.7–170.2[22],14.5[22]
27,Spectre,2015,Daniel Craig,Sam Mendes,880.7[27],245.0–250.0[d],39[35],725.5[22],201.8–205.9[22],32.1[22]
28,Total,Eon-produced film series,6829.1,"1,453–1,508",,12086,"1,881–1,927",,,
29,All films,7033.5,"1,501–1,556",,13283,"2,162–2,208",,,,
